,UMCSENT,UNEMPLOYMENT,CPI,GDP,HOUSINGPRICE,FEDFUNDS,SP500,DOLLAR,CPICHANGE,WAGES
1979-02-01,73.9,5.9,69.2,2526.61,91.41,10.06,98.2294737163343,88.24944347805447,0.010218978102189746,335.0
1979-03-01,68.4,5.8,69.9,2526.61,91.41,10.09,100.11227278275923,88.39545440673828,0.010115606936416333,335.0
1979-04-01,66.0,5.8,70.6,2591.247,94.5,10.01,102.06600036621094,89.4890007019043,0.010014306151645114,335.0
1979-05-01,68.1,5.6,71.4,2591.247,94.5,10.24,99.727727023038,90.31181820956144,0.011331444759206999,335.0
1979-06-01,65.8,5.7,72.2,2591.247,94.5,10.29,101.72761862618583,89.58095223563058,0.011204481792717047,335.0
1979-07-01,60.4,5.7,73.0,2667.565,96.49,10.47,102.71142832438152,86.93428584507534,0.011080332409972193,330.0
1979-08-01,64.5,6.0,73.7,2667.565,96.49,10.94,107.35608639924422,87.24478248927905,0.009589041095890538,330.0
1979-09-01,66.7,5.9,74.4,2667.565,96.49,11.43,108.59684231406764,86.73894701505962,0.009497964721845387,330.0
1979-10-01,62.1,6.0,75.2,2723.883,98.21,13.77,104.47304269541864,87.68545393510298,0.010752688172043001,326.0
1979-11-01,63.3,5.9,76.0,2723.883,98.21,13.18,103.66381000337147,88.1305264924702,0.010638297872340496,326.0
1979-12-01,61.0,6.0,76.9,2723.883,98.21,13.78,107.7759994506836,86.32500038146972,0.011842105263157876,326.0
1980-01-01,67.0,6.3,78.0,2789.842,100.0,13.82,110.86818140203303,85.51909047907048,0.014304291287386084,321.0
1980-02-01,66.9,6.3,79.0,2789.842,100.0,14.13,115.33900108337403,86.37526381643195,0.012820512820512775,321.0
1980-03-01,56.5,6.3,80.1,2789.842,100.0,17.19,104.68619065057663,90.29857090541294,0.013924050632911245,321.0
1980-04-01,52.7,6.9,80.9,2797.352,101.67,17.61,102.96666753859748,91.14909120039506,0.00998751560549338,315.0
1980-05-01,51.7,7.5,81.7,2797.352,101.67,10.98,107.69428543817429,86.96904790969123,0.009888751545117369,315.0
1980-06-01,58.7,7.6,82.5,2797.352,101.67,9.47,114.54666646321614,85.29190463111514,0.009791921664626724,315.0
1980-07-01,62.3,7.8,82.6,2856.483,104.46,9.03,119.83272760564631,84.65681838989258,0.00121212121212122,319.0
1980-08-01,67.3,7.7,83.2,2856.483,104.46,9.61,123.49666631789435,86.09571402413505,0.007263922518159882,319.0
1980-09-01,73.7,7.5,83.9,2856.483,104.46,10.87,126.51190294538226,85.50047665550595,0.008413461538461675,319.0
1980-10-01,75.0,7.5,84.7,2985.557,104.57,12.81,130.22173840066662,86.60727240822531,0.009535160905840279,315.0
1980-11-01,76.7,7.5,85.6,2985.557,104.57,15.85,135.6544426812066,89.31470624138328,0.010625737898465104,315.0
1980-12-01,64.5,7.2,86.4,2985.557,104.57,18.9,133.48318204012784,90.99681784889914,0.009345794392523477,315.0
1981-01-01,71.4,7.5,87.2,3124.206,105.2,19.08,132.96571277436755,91.41523815336681,0.0092592592592593,314.0
1981-02-01,66.9,7.4,88.0,3124.206,105.2,15.93,128.3952656796104,96.03722042507596,0.00917431192660545,314.0
1981-03-01,66.5,7.4,88.6,3124.206,105.2,14.7,133.18499963933772,96.23636315085672,0.006818181818181834,314.0
1981-04-01,72.4,7.2,89.1,3162.532,107.42,15.72,134.42761811755952,98.81499862670898,0.0056433408577878375,311.0
1981-05-01,76.3,7.5,89.7,3162.532,107.42,18.52,131.72700042724608,103.61300086975098,0.006734006734006925,311.0
1981-06-01,73.1,7.5,90.5,3162.532,107.42,19.1,132.2777293812145,106.87045461481267,0.008918617614269708,311.0
1981-07-01,74.1,7.2,91.5,3260.609,108.86,19.04,129.1277268149636,109.8821729577106,0.011049723756906049,309.0
1981-08-01,77.2,7.4,92.2,3260.609,108.86,17.82,129.62952314104353,112.30904788062686,0.007650273224043769,309.0
1981-09-01,73.1,7.6,93.1,3260.609,108.86,15.87,118.26952398390998,108.02238101050968,0.009761388286333883,309.0
1981-10-01,70.3,7.9,93.4,3280.818,107.5,15.08,119.79772706465288,106.35714358375186,0.003222341568206444,312.0
1981-11-01,62.5,8.3,93.8,3280.818,107.5,13.31,122.9194995880127,104.53722254435222,0.004282655246252487,312.0
1981-12-01,64.3,8.5,94.1,3280.818,107.5,12.37,123.79409096457742,105.2213644547896,0.0031982942430703876,312.0
1982-01-01,71.0,8.6,94.4,3274.302,106.14,13.22,117.27650032043456,106.97300033569336,0.0031880977683316214,312.0
1982-02-01,66.5,8.9,94.7,3274.302,106.14,14.78,114.49526335063733,110.37499957614475,0.0031779661016948513,312.0
1982-03-01,62.0,9.0,94.7,3274.302,106.14,14.68,110.84217370074728,112.46304354460344,0.0,312.0
1982-04-01,65.5,9.3,95.0,3331.972,108.8,14.94,116.30714343843006,114.08181762695312,0.0031678986272438703,314.0
1982-05-01,67.5,9.4,95.9,3331.972,108.8,14.45,116.35299949645996,111.03750038146973,0.0094736842105263,314.0
1982-06-01,65.7,9.6,97.0,3331.972,108.8,14.15,109.69772720336914,117.03181873668323,0.011470281543274119,314.0
1982-07-01,65.4,9.8,97.5,3366.322,107.01,12.59,109.37666684105282,118.92380923316593,0.005154639175257714,311.0
1982-08-01,65.4,9.8,97.7,3366.322,107.01,10.12,109.65136406638406,119.64954653653231,0.002051282051282133,311.0
1982-09-01,69.3,10.1,97.7,3366.322,107.01,10.31,122.43333289736793,120.93904731387184,0.0,311.0
1982-10-01,73.4,10.4,98.1,3402.561,111.69,9.71,132.66047741117933,123.17950057983398,0.004094165813715467,313.0
1982-11-01,72.1,10.8,98.0,3402.561,111.69,9.2,138.10095287504652,124.29947341115852,-0.0010193679918449883,313.0
1982-12-01,71.9,10.8,97.7,3402.561,111.69,8.95,139.3659113103693,119.23565275772758,-0.003061224489795844,313.0
1983-01-01,70.4,10.4,97.9,3473.413,114.44,8.68,144.26714215959822,117.75428590320405,0.0020470829068577334,315.0
1983-02-01,74.6,10.4,98.0,3473.413,114.44,8.51,146.79684046695107,119.7068409166838,0.0010214504596526286,315.0
1983-03-01,80.8,10.3,98.1,3473.413,114.44,8.77,151.87652123492697,120.7265220310377,0.0010204081632652073,315.0
1983-04-01,89.1,10.2,98.8,3578.848,115.95,8.8,157.7120002746582,121.82999965122768,0.007135575942915473,314.0
1983-05-01,93.3,10.1,99.2,3578.848,115.95,8.63,164.0971432640439,122.06000082833427,0.004048582995951566,314.0
1983-06-01,92.2,10.1,99.4,3578.848,115.95,8.98,166.36909138072622,125.16272770274769,0.002016129032258007,314.0
1983-07-01,92.8,9.4,99.8,3689.179,116.97,9.37,166.95099868774415,126.62000045776367,0.004024144869215096,315.0
1983-08-01,90.9,9.5,100.1,3689.179,116.97,9.56,162.4178247866423,129.77565334154212,0.0030060120240480437,315.0
1983-09-01,89.9,9.2,100.4,3689.179,116.97,9.45,167.1604766845703,129.74238077799478,0.0029970029970030065,315.0
1983-10-01,89.3,8.8,100.8,3794.706,117.67,9.48,167.65428452264695,127.50700035095215,0.003984063745019917,312.0
1983-11-01,91.1,8.5,101.1,3794.706,117.67,9.34,165.23095194498697,130.26368311831826,0.0029761904761904656,312.0
1983-12-01,94.2,8.3,101.4,3794.706,117.67,9.47,164.37142799014137,132.84285627092635,0.0029673590504453173,312.0
1984-01-01,100.1,8.0,102.1,3908.054,119.44,9.56,166.39285641624815,135.07761855352493,0.006903353057199135,313.0
1984-02-01,97.4,7.8,102.6,3908.054,119.44,9.59,157.2505012512207,131.77157833701685,0.004897159647404559,313.0
1984-03-01,101.0,7.8,102.9,3908.054,119.44,9.91,157.4386381669478,128.07818152687767,0.0029239766081872176,313.0
1984-04-01,96.1,7.7,103.3,4009.601,121.05,10.29,157.60149917602538,129.9895004272461,0.0038872691933915515,312.0
1984-05-01,98.1,7.4,103.5,4009.601,121.05,10.32,156.55090886896306,133.99181712757456,0.0019361084220717029,312.0
1984-06-01,95.5,7.2,103.7,4009.601,121.05,11.06,153.12476094563803,134.33476112002418,0.0019323671497584183,312.0
1984-07-01,96.6,7.5,104.1,4084.25,122.17,11.23,151.07809593563988,139.3076171875,0.0038572806171648377,313.0
1984-08-01,99.1,7.5,104.4,4084.25,122.17,11.64,164.4208692467731,140.2095655358356,0.0028818443804035088,313.0
1984-09-01,100.9,7.3,104.7,4084.25,122.17,11.3,166.1126299406353,145.73421036569695,0.002873563218390718,313.0
1984-10-01,96.3,7.4,105.1,4148.551,123.16,9.99,164.81869440493375,147.5786361694336,0.0038204393505252288,316.0
1984-11-01,95.7,7.2,105.3,4148.551,123.16,9.43,166.27190508161272,144.9489456979852,0.0019029495718363432,316.0
1984-12-01,92.9,7.3,105.5,4148.551,123.16,8.38,164.48000106811523,149.24650039672852,0.0018993352326686086,316.0
1985-01-01,96.0,7.3,105.7,4230.168,124.91,8.35,171.6127270785245,152.83000110444567,0.0018957345971564177,314.0
1985-02-01,93.7,7.2,106.3,4230.168,124.91,8.5,180.88473751670435,158.49055565728082,0.005676442762535316,314.0
1985-03-01,93.7,7.2,106.8,4230.168,124.91,8.58,179.4199981689453,158.27571396600632,0.00470366886171214,314.0
1985-04-01,94.6,7.3,107.0,4294.887,126.78,8.27,180.61857023693267,149.61090989546344,0.0018726591760300781,323.0
1985-05-01,91.8,7.2,107.2,4294.887,126.78,7.97,184.89908946644175,149.95500113747337,0.0018691588785046953,323.0
1985-06-01,96.5,7.4,107.5,4294.887,126.78,7.53,188.8859992980957,147.71300048828124,0.002798507462686617,323.0
1985-07-01,94.0,7.4,107.7,4386.773,128.75,7.88,192.54454456676137,141.00636291503906,0.0018604651162790198,320.0
1985-08-01,92.4,7.1,107.9,4386.773,128.75,7.9,188.3063638860529,137.55863744562322,0.0018570102135562205,320.0
1985-09-01,92.1,7.1,108.1,4386.773,128.75,7.92,184.20579046952096,139.57473674573396,0.001853568118628246,320.0
1985-10-01,88.4,7.1,108.5,4444.094,130.19,7.99,186.18043451723844,130.71636269309303,0.0037002775208141436,320.0
1985-11-01,90.9,7.0,109.0,4444.094,130.19,8.05,197.44550018310548,127.97476123628162,0.004608294930875667,320.0
1985-12-01,93.9,7.0,109.5,4444.094,130.19,8.27,207.25761922200522,125.64409186623313,0.004587155963302836,320.0
1986-01-01,95.6,6.7,109.9,4507.894,132.72,8.14,208.19408971613103,123.57521720554517,0.0036529680365298134,321.0
1986-02-01,95.9,7.2,109.7,4507.894,132.72,7.86,219.36526168020148,118.67099952697754,-0.0018198362147406888,321.0
1986-03-01,95.1,7.2,109.1,4507.894,132.72,7.48,232.3270004272461,115.9076185680571,-0.005469462169553352,321.0
1986-04-01,96.2,7.1,108.7,4545.34,135.51,6.99,237.96772835471413,115.5109089938077,-0.0036663611365719273,328.0
1986-05-01,94.8,7.2,109.0,4545.34,135.51,6.85,238.45904758998327,113.3031813881614,0.002759889604415866,328.0
1986-06-01,99.3,7.2,109.4,4545.34,135.51,6.92,245.29571460542223,113.61666761125836,0.003669724770642313,328.0
1986-07-01,97.7,7.0,109.5,4607.669,137.57,6.56,240.17999891801313,110.2565221371858,0.000914076782449591,328.0
1986-08-01,94.9,6.9,109.6,4607.669,137.57,6.17,245.0009511311849,107.36666652134487,0.0009132420091324533,328.0
1986-09-01,91.9,7.0,110.0,4607.669,137.57,5.89,238.269047328404,107.00363644686612,0.0036496350364965124,328.0
1986-10-01,95.6,7.0,110.2,4657.627,139.7,5.85,237.35608706266984,106.44521729842477,0.001818181818181941,331.0
1986-11-01,91.4,6.9,110.4,4657.627,139.7,6.04,245.0926328960218,107.7369987487793,0.001814882032667997,331.0
1986-12-01,89.1,6.6,110.8,4657.627,139.7,6.91,248.60545418479225,106.41000034498131,0.0036231884057971175,331.0
1987-01-01,90.4,6.6,111.4,4722.156,142.47,6.43,264.51095145089283,101.03636481545188,0.005415162454873723,328.0
1987-02-01,90.2,6.6,111.8,4722.156,142.47,6.1,280.9342153448808,99.35800018310547,0.0035906642728904536,328.0
1987-03-01,90.8,6.6,112.2,4722.156,142.47,6.13,292.47136480158025,98.84999986128373,0.003577817531305927,328.0
1987-04-01,92.8,6.3,112.7,4806.16,144.68,6.37,289.3219052269345,96.92954496903853,0.004456327985739694,328.0
1987-05-01,91.1,6.3,113.0,4806.16,144.68,6.85,289.1154983520508,95.9585712977818,0.002661934338952898,328.0
1987-06-01,91.5,6.2,113.5,4806.16,144.68,6.73,301.3840900767933,97.67681815407492,0.004424778761061843,328.0
1987-07-01,93.7,6.1,113.8,4884.555,146.35,6.58,310.0872719504616,99.25260858950408,0.002643171806167466,330.0
1987-08-01,94.4,6.0,114.3,4884.555,146.35,6.73,329.35809326171875,99.37999979654948,0.004393673110720586,330.0
1987-09-01,93.6,5.9,114.7,4884.555,146.35,7.22,318.6609511602493,97.09409020163797,0.0034995625546807574,330.0
1987-10-01,89.3,6.0,115.0,5007.994,147.3,7.29,280.1640916304155,96.51590832796964,0.0026155187445509043,328.0
1987-11-01,83.1,5.8,115.4,5007.994,147.3,6.69,245.0085006713867,91.31904783703033,0.003478260869565375,328.0
1987-12-01,86.8,5.7,115.6,5007.994,147.3,6.77,240.9559097290039,88.59434807818869,0.0017331022530329143,328.0
1988-01-01,90.8,5.7,116.0,5073.372,149.6,6.83,250.47650299072265,89.09380849202473,0.0034602076124568004,329.0
1988-02-01,91.6,5.7,116.2,5073.372,149.6,6.58,258.12799911499025,91.0509523664202,0.0017241379310344307,329.0
1988-03-01,94.6,5.7,116.5,5073.372,149.6,6.58,265.7373922596807,89.61739017652428,0.002581755593803692,329.0
1988-04-01,91.2,5.4,117.2,5190.036,152.6,6.87,262.6154983520508,88.90952446347191,0.006008583690987113,325.0
1988-05-01,94.8,5.6,117.5,5190.036,152.6,7.09,256.12381126767116,89.70545473965731,0.0025597269624573205,325.0
1988-06-01,94.7,5.4,118.0,5190.036,152.6,7.51,270.6827281605114,92.48318204012784,0.004255319148936065,325.0
1988-07-01,93.4,5.4,118.5,5282.835,154.19,7.75,269.0494979858398,96.42380886986142,0.004237288135593209,325.0
1988-08-01,97.4,5.6,119.0,5282.835,154.19,8.01,263.7265187139096,98.15739142376444,0.00421940928270037,325.0
1988-09-01,97.3,5.4,119.5,5282.835,154.19,8.19,267.9700012207031,97.74590960415927,0.004201680672268893,325.0
1988-10-01,94.1,5.4,119.9,5399.509,155.59,8.3,277.39571562267486,95.11571539015998,0.0033472803347280866,324.0
1988-11-01,93.0,5.3,120.3,5399.509,155.59,8.35,271.02428763253346,91.71136370572177,0.0033361134278564464,324.0
1988-12-01,91.9,5.3,120.7,5399.509,155.59,8.76,276.51475888206846,91.83272760564631,0.0033250207813799726,324.0
1989-01-01,97.9,5.4,121.2,5511.253,157.41,9.12,285.413812546503,94.93227282437411,0.0041425020712511085,323.0
1989-02-01,95.4,5.2,121.6,5511.253,157.41,9.36,294.0110521818462,95.63699989318847,0.0033003300330032292,323.0
1989-03-01,94.3,5.0,122.2,5511.253,157.41,9.85,292.7131819291548,96.90739009691322,0.00493421052631593,323.0
1989-04-01,91.5,5.2,123.1,5612.463,159.57,9.84,302.2509963989258,97.133500289917,0.0073649754500817455,322.0
1989-05-01,90.7,5.2,123.7,5612.463,159.57,9.81,313.92999961159444,100.83000017249066,0.004874086108854758,322.0
1989-06-01,90.6,5.3,124.1,5612.463,159.57,9.53,323.7277277166193,102.90954520485617,0.003233629749393563,322.0
1989-07-01,92.0,5.2,124.5,5695.365,162.97,9.24,331.92650146484374,99.08476220993768,0.003223207091055613,322.0
1989-08-01,89.6,5.2,124.5,5695.365,162.97,8.99,346.60782656462294,100.4721739395805,0.0,322.0
1989-09-01,95.8,5.3,124.8,5695.365,162.97,9.02,347.3295013427734,101.77285766601562,0.002409638554216942,322.0
1989-10-01,93.9,5.3,125.4,5747.237,164.32,8.84,347.3972722833807,98.86954498291016,0.004807692307692291,322.0
1989-11-01,90.9,5.4,125.9,5747.237,164.32,8.55,340.2190450032552,97.84590981223367,0.003987240829345984,322.0
1989-12-01,90.5,5.4,126.3,5747.237,164.32,8.45,348.57200012207034,94.67809549967448,0.003177124702144596,322.0
1990-01-01,93.0,5.4,127.5,5872.701,165.25,8.23,339.9718184037642,92.95521744437839,0.009501187648456089,319.0
1990-02-01,89.5,5.3,128.0,5872.701,165.25,8.24,330.45263511256167,92.19100151062011,0.0039215686274509665,319.0
1990-03-01,91.3,5.2,128.6,5872.701,165.25,8.28,338.46500049937856,93.98681883378462,0.004687499999999956,319.0
1990-04-01,93.9,5.4,128.9,5960.028,165.94,8.26,338.1779983520508,93.36523764474052,0.002332814930015692,319.0
1990-05-01,90.6,5.4,129.1,5960.028,165.94,8.18,350.2500013871626,91.98173921004586,0.0015515903801395226,319.0
1990-06-01,88.3,5.2,129.9,5960.028,165.94,8.29,360.3866664341518,92.31999969482422,0.006196746707978429,319.0
1990-07-01,88.2,5.5,130.5,6015.116,166.97,8.15,360.0309520903088,89.57227221402255,0.004618937644341736,313.0
1990-08-01,76.4,5.7,131.6,6015.116,166.97,8.13,330.7465196692425,86.48043524700662,0.008429118773946254,313.0
1990-09-01,72.8,5.9,132.5,6015.116,166.97,8.2,315.40684268349094,86.01000022888184,0.006838905775075954,313.0
1990-10-01,63.9,5.9,133.4,6004.733,166.32,8.11,307.1247850501019,83.31434730861498,0.006792452830188811,312.0
1990-11-01,66.0,6.2,133.7,6004.733,166.32,7.81,315.2909531366257,82.00545467029919,0.002248875562218755,312.0
1990-12-01,65.5,6.3,134.2,6004.733,166.32,7.31,328.74950256347654,83.24571337018695,0.0037397157816005944,312.0
1991-01-01,66.8,6.4,134.7,6035.178,167.69,6.91,325.4854555996981,83.38217395284902,0.0037257824143070994,316.0
1991-02-01,70.4,6.6,134.8,6035.178,167.69,6.25,362.2631578947368,82.03799934387207,0.0007423904974017681,316.0
1991-03-01,87.7,6.8,134.8,6035.178,167.69,6.12,372.2789993286133,88.07142893473308,0.0,316.0
1991-04-01,81.8,6.7,135.1,6126.862,168.81,5.91,379.6786360307173,91.27636302601208,0.002225519287833766,312.0
1991-05-01,78.3,6.9,135.6,6126.862,168.81,5.78,377.9922721169212,92.11869579812755,0.0037009622501851247,312.0
1991-06-01,82.1,6.9,136.0,6126.862,168.81,5.9,378.2929992675781,95.09400062561035,0.002949852507374784,312.0
1991-07-01,82.9,6.8,136.2,6205.937,169.14,5.82,380.2268177379261,95.23608696979025,0.0014705882352941124,312.0
1991-08-01,82.0,6.9,136.6,6205.937,169.14,5.66,389.4031788219105,93.38454506613992,0.002936857562408246,312.0
1991-09-01,83.0,6.9,137.0,6205.937,169.14,5.45,387.19850006103513,91.17523774646577,0.002928257686676483,312.0
1991-10-01,78.3,7.0,137.2,6264.54,171.5,5.21,386.88347990616506,90.65521671461022,0.0014598540145984717,313.0
1991-11-01,69.1,7.0,137.8,6264.54,171.5,4.81,385.919499206543,87.96666681198846,0.004373177842565745,313.0
1991-12-01,68.2,7.3,138.2,6264.54,171.5,4.43,388.5104762486049,85.4495454268022,0.002902757619738683,313.0
1992-01-01,67.5,7.3,138.3,6363.102,172.82,4.03,416.0749969482422,85.92521766994311,0.0007235890014474222,315.0
1992-02-01,68.8,7.4,138.6,6363.102,172.82,4.06,412.55579095137745,87.97999954223633,0.002169197396963085,315.0
1992-03-01,76.0,7.4,139.1,6363.102,172.82,3.98,407.3645449551669,90.30363672429866,0.003607503607503615,315.0
1992-04-01,77.2,7.4,139.4,6470.763,172.78,3.73,407.40714372907365,89.77090974287553,0.0021567217828901697,313.0
1992-05-01,79.2,7.6,139.7,6470.763,172.78,3.82,414.814501953125,88.18380955287388,0.002152080344332674,313.0
1992-06-01,80.4,7.8,140.1,6470.763,172.78,3.76,408.2745472301136,85.81545500321822,0.0028632784538296097,313.0
1992-07-01,76.6,7.7,140.5,6566.641,174.76,3.25,415.0513638583097,82.4060874607252,0.002855103497501732,314.0
1992-08-01,76.1,7.6,140.8,6566.641,174.76,3.3,417.9271429152716,80.83428664434524,0.002135231316725994,314.0
1992-09-01,75.6,7.6,141.1,6566.641,174.76,3.22,418.4771423339844,81.72590879960494,0.0021306818181816567,314.0
1992-10-01,73.3,7.3,141.7,6680.803,175.63,3.1,412.5027285489169,84.95454545454545,0.00425230333097093,312.0
1992-11-01,85.3,7.4,142.1,6680.803,175.63,3.09,422.8439971923828,89.92428625197638,0.0028228652081863093,312.0
1992-12-01,91.0,7.4,142.3,6680.803,175.63,2.92,435.6395457874645,90.42652196469514,0.0014074595355384467,312.0
1993-01-01,89.3,7.3,142.8,6729.459,175.71,3.02,435.22899932861327,92.25952439081101,0.0035137034434293835,315.0
1993-02-01,86.6,7.1,143.1,6729.459,175.71,3.03,441.70368074115953,93.77849960327148,0.0021008403361342243,315.0
1993-03-01,85.9,7.0,143.3,6729.459,175.71,3.07,450.15521638289744,93.54260884160581,0.0013976240391335715,315.0
1993-04-01,85.6,7.1,143.8,6808.939,177.39,2.96,443.0776207333519,90.42636316472834,0.0034891835310537633,317.0
1993-05-01,80.3,7.1,144.2,6808.939,177.39,3.0,445.24649810791016,90.05428568522136,0.0027816411682890507,317.0
1993-06-01,81.5,7.0,144.3,6808.939,177.39,3.04,448.0595439564098,91.6809099370783,0.0006934812760057696,317.0
1993-07-01,77.0,6.9,144.5,6882.098,178.83,3.06,447.28618803478423,94.38681897250089,0.001386001386001201,319.0
1993-08-01,77.3,6.8,144.8,6882.098,178.83,3.03,454.1277285489169,94.15954520485617,0.0020761245674740803,319.0
1993-09-01,77.9,6.7,145.0,6882.098,178.83,3.09,459.23523385184154,91.9068190834739,0.0013812154696131174,319.0
1993-10-01,82.7,6.8,145.6,7013.738,180.3,2.99,463.8999968029204,93.1461900983538,0.004137931034482678,319.0
1993-11-01,81.2,6.6,146.0,7013.738,180.3,3.02,462.8904753185454,95.35272667624734,0.0027472527472527375,319.0
1993-12-01,88.2,6.5,146.3,7013.738,180.3,2.96,465.94545676491475,95.63304403553839,0.00205479452054802,319.0
1994-01-01,94.3,6.6,146.3,7115.652,181.43,3.05,472.9928574335007,96.41809554327102,0.0,316.0
1994-02-01,93.2,6.6,146.7,7115.652,181.43,3.25,471.5799994217722,95.59650039672852,0.002734107997265811,316.0
1994-03-01,91.5,6.5,147.1,7115.652,181.43,3.34,463.8078268299932,94.22739145030145,0.0027266530334015826,316.0
1994-04-01,92.6,6.4,147.2,7246.931,182.5,3.56,447.2321070620888,94.22142900739398,0.0006798096532969478,317.0
1994-05-01,92.8,6.1,147.5,7246.931,182.5,4.01,450.89857264927457,92.67181812633167,0.0020380434782609758,317.0
1994-06-01,91.2,6.1,147.9,7246.931,182.5,4.25,454.825908314098,91.46409052068537,0.0027118644067796183,317.0
1994-07-01,89.0,6.1,148.4,7331.075,183.26,4.26,451.40099945068357,89.1009521484375,0.0033806626098715764,314.0
1994-08-01,91.7,6.0,149.0,7331.075,183.26,4.47,464.2430459727412,89.10956540315047,0.0040431266846361336,314.0
1994-09-01,91.5,5.9,149.3,7331.075,183.26,4.73,466.9580920991443,87.97499916770242,0.002013422818792021,314.0
1994-10-01,92.7,5.8,149.4,7455.288,183.1,4.76,463.81380934942337,86.5528571719215,0.0006697923643670389,314.0
1994-11-01,91.6,5.6,149.8,7455.288,183.1,5.29,461.0152398972284,87.70681762695312,0.0026773761713521083,314.0
1994-12-01,95.1,5.5,150.1,7455.288,183.1,5.45,455.1866643996466,89.49818108298562,0.0020026702269690944,314.0
1995-01-01,97.6,5.6,150.5,7522.289,184.06,5.53,465.25,88.17045454545455,0.0026648900732844094,313.0
1995-02-01,95.1,5.4,150.9,7522.289,184.06,5.92,481.92473722759047,87.10750045776368,0.0026578073089700283,313.0
1995-03-01,90.3,5.4,151.2,7522.289,184.06,5.98,493.1530469811481,83.53217481530231,0.001988071570576455,313.0
1995-04-01,92.5,5.8,151.8,7580.997,187.09,6.05,507.9057906301398,81.62000007629395,0.003968253968254176,314.0
1995-05-01,89.8,5.6,152.1,7580.997,187.09,6.01,523.8136402476918,82.57782645847486,0.0019762845849802257,314.0
1995-06-01,92.7,5.6,152.4,7580.997,187.09,6.0,539.3540843616832,82.07954614812678,0.0019723865877712132,314.0
1995-07-01,94.4,5.7,152.6,7683.125,189.97,5.85,557.3664978027343,81.73142932710194,0.001312335958005173,317.0
1995-08-01,96.2,5.7,152.9,7683.125,189.97,5.74,559.1100012737771,84.48913109820822,0.001965923984272644,317.0
1995-09-01,88.9,5.6,153.1,7683.125,189.97,5.8,578.765493774414,85.56666673932757,0.001308044473512071,317.0
1995-10-01,90.2,5.5,153.5,7772.586,191.43,5.76,582.9181823730469,83.9490914778276,0.0026126714565644082,313.0
1995-11-01,88.2,5.6,153.7,7772.586,191.43,5.8,595.5323806036087,84.04409165815873,0.0013029315960910726,313.0
1995-12-01,91.0,5.6,153.9,7772.586,191.43,5.6,614.5709991455078,84.93809509277344,0.0013012361743658385,313.0
1996-01-01,89.3,5.6,154.7,7868.468,193.58,5.56,614.4200051047585,86.0430437170941,0.005198180636777128,312.0
1996-02-01,88.5,5.5,155.0,7868.468,193.58,5.22,649.5420043945312,86.22095380510602,0.0019392372333548735,312.0
1996-03-01,93.7,5.5,155.5,7868.468,193.58,5.31,647.0747593470982,86.44285765148345,0.003225806451612856,312.0
1996-04-01,92.7,5.6,156.1,8032.84,193.89,5.22,647.1728544689361,87.36727246371183,0.0038585209003214604,312.0
1996-05-01,89.4,5.6,156.4,8032.84,193.89,5.24,661.2304548783736,88.221737737241,0.0019218449711724261,312.0
1996-06-01,92.4,5.3,156.7,8032.84,193.89,5.27,668.4989929199219,88.03150062561035,0.0019181585677747748,312.0
1996-07-01,94.7,5.5,157.0,8131.408,194.76,5.4,644.0704539905895,87.13130453358526,0.0019144862795150708,314.0
1996-08-01,95.3,5.1,157.2,8131.408,194.76,5.22,662.6822787198154,86.4122727134011,0.001273885350318471,314.0
1996-09-01,94.7,5.2,157.7,8131.408,194.76,5.3,674.885498046875,87.33190482003349,0.0031806615776082126,314.0
1996-10-01,96.5,5.2,158.2,8259.771,196.28,5.24,701.4556539784307,87.89478235659392,0.003170577045022105,313.0
1996-11-01,99.2,5.4,158.7,8259.771,196.28,5.31,735.6690063476562,86.91095152355376,0.003160556257901348,313.0
1996-12-01,96.9,5.4,159.1,8259.771,196.28,5.29,743.249040876116,88.61772710626775,0.002520478890989386,313.0
1997-01-01,97.4,5.3,159.4,8362.655,197.91,5.25,766.216816295277,90.82565241274627,0.0018856065367693908,313.0
1997-02-01,99.7,5.2,159.7,8362.655,197.91,5.19,798.3842163085938,94.40250015258789,0.0018820577164364583,313.0
1997-03-01,100.0,5.2,159.8,8362.655,197.91,5.39,792.1555023193359,95.46095275878906,0.0006261740763933155,313.0
1997-04-01,101.4,5.1,159.9,8518.825,199.54,5.51,763.9281865900213,96.272272976962,0.0006257822277846437,314.0
1997-05-01,103.2,4.9,159.9,8518.825,199.54,5.5,833.0914306640625,95.09863662719727,0.0,314.0
1997-06-01,104.5,5.0,160.2,8518.825,199.54,5.56,876.2861909412202,95.31904820033482,0.0018761726078797558,314.0
1997-07-01,107.1,4.9,160.4,8662.823,202.25,5.52,925.2945445667614,97.35130442743716,0.0012484394506866447,314.0
1997-08-01,104.4,4.8,160.8,8662.823,202.25,5.54,927.7357119605655,99.85047621954055,0.0024937655860348684,314.0
1997-09-01,106.0,4.9,161.2,8662.823,202.25,5.54,937.0242861793155,98.22545450383967,0.0024875621890545485,314.0
1997-10-01,105.6,4.7,161.5,8765.907,204.88,5.5,951.1595618206521,96.94913051439369,0.0018610421836229296,314.0
1997-11-01,107.2,4.6,161.7,8765.907,204.88,5.52,938.9236899928043,96.27600021362305,0.0012383900928791824,314.0
1997-12-01,102.1,4.7,161.8,8765.907,204.88,5.5,962.3654563210227,98.71043528681216,0.0006184291898578831,314.0
1998-01-01,106.6,4.6,162.0,8866.48,207.95,5.56,963.3590026855469,100.41181807084517,0.0012360939431395046,319.0
1998-02-01,110.4,4.6,162.0,8866.48,207.95,5.51,1023.7421136153372,99.81550025939941,0.0,319.0
1998-03-01,106.5,4.7,162.0,8866.48,207.95,5.49,1076.8277310458097,100.36363636363636,0.0,319.0
1998-04-01,108.7,4.3,162.2,8969.699,209.81,5.45,1112.1961960565477,100.1690902709961,0.0012345679012344402,319.0
1998-05-01,106.5,4.4,162.6,8969.699,209.81,5.49,1108.4169982910157,99.47904750279018,0.002466091245376223,319.0
1998-06-01,105.6,4.5,162.8,8969.699,209.81,5.56,1108.389531915838,100.8140914223411,0.0012300123001232066,319.0
1998-07-01,105.2,4.5,163.2,9121.097,212.75,5.54,1156.5772705078125,101.27826093590778,0.002457002457002311,321.0
1998-08-01,104.4,4.5,163.4,9121.097,212.75,5.55,1074.6204717726935,101.67142813546317,0.001225490196078427,321.0
1998-09-01,100.9,4.6,163.5,9121.097,212.75,5.51,1020.6400001162574,97.11409065940164,0.000611995104039087,321.0
1998-10-01,97.4,4.5,163.9,9293.991,215.26,5.07,1032.470009543679,93.61545458706942,0.0024464831804280607,328.0
1998-11-01,102.7,4.4,164.1,9293.991,215.26,4.83,1144.4334838867187,95.4028563726516,0.0012202562538132788,328.0
1998-12-01,100.5,4.4,164.4,9293.991,215.26,4.68,1190.0509033203125,94.49000018575917,0.001828153564899626,328.0
1999-01-01,103.9,4.3,164.7,9411.682,217.52,4.63,1248.7747353001644,94.58333405994233,0.0018248175182480342,324.0
1999-02-01,108.1,4.4,164.7,9411.682,217.52,4.76,1246.5821147717927,97.06999931335449,0.0,324.0
1999-03-01,105.7,4.2,164.8,9411.682,217.52,4.81,1281.663913892663,99.40521737803583,0.0006071645415908211,324.0
1999-04-01,104.6,4.3,165.9,9526.21,220.43,4.74,1334.7566615513392,100.48714301699684,0.006674757281553312,329.0
1999-05-01,106.8,4.2,166.0,9526.21,220.43,4.74,1332.0740112304688,100.93499946594238,0.0006027727546713546,329.0
1999-06-01,107.3,4.3,166.0,9526.21,220.43,4.76,1322.552734375,102.46545514193448,0.0,329.0
1999-07-01,106.0,4.3,166.7,9686.626,223.56,4.99,1380.990001860119,102.70636402476917,0.004216867469879482,330.0
1999-08-01,104.5,4.2,167.1,9686.626,223.56,5.07,1327.488653009588,100.26545333862305,0.002399520095980767,330.0
1999-09-01,107.2,4.2,167.8,9686.626,223.56,5.22,1318.1719040643602,99.84863628040661,0.00418910831837227,330.0
1999-10-01,103.2,4.1,168.1,9900.169,225.85,5.2,1300.010009765625,98.24857112339565,0.0017878426698449967,335.0
1999-11-01,107.2,4.1,168.4,9900.169,225.85,5.42,1391.0028483072917,100.61681816794656,0.0017846519928614857,335.0
1999-12-01,105.4,4.0,168.8,9900.169,225.85,5.3,1428.6840931285512,101.75782610022503,0.002375296912114022,335.0
2000-01-01,112.0,4.0,169.3,10002.179,230.17,5.45,1425.5855041503905,101.71285792759487,0.002962085308056972,334.0
2000-02-01,111.3,4.1,170.0,10002.179,230.17,5.73,1388.8744995117188,104.43333326067243,0.0041346721795627595,334.0
2000-03-01,107.1,4.0,171.0,10002.179,230.17,5.85,1442.212598717731,105.54347826086956,0.00588235294117645,334.0
2000-04-01,109.2,3.8,170.9,10247.72,233.92,6.02,1461.3552567331415,106.76473637631065,-0.0005847953216373547,334.0
2000-05-01,110.7,4.0,171.2,10247.72,233.92,6.27,1418.4795476740057,110.78590878573331,0.0017554125219425565,334.0
2000-06-01,106.4,4.0,172.2,10247.72,233.92,6.53,1461.9590897993608,107.10590882734819,0.005841121495327117,334.0
2000-07-01,108.3,4.0,172.7,10318.165,238.19,6.54,1473.0024963378905,108.27761877150763,0.0029036004645761615,335.0
2000-08-01,107.3,4.1,172.7,10318.165,238.19,6.5,1485.45825726053,111.1669570259426,0.0,335.0
2000-09-01,106.8,3.9,173.6,10318.165,238.19,6.52,1468.05400390625,114.35800018310547,0.005211349160393786,335.0
2000-10-01,105.8,3.9,173.9,10435.744,241.83,6.51,1390.144092906605,116.051363511519,0.001728110599078514,334.0
2000-11-01,107.6,3.9,174.2,10435.744,241.83,6.51,1375.0376034691221,116.47590845281428,0.0017251293847038163,334.0
2000-12-01,98.4,3.9,174.6,10435.744,241.83,6.4,1330.9294982910155,112.725,0.0022962112514350874,334.0
2001-01-01,94.7,4.2,175.6,10470.231,247.82,5.98,1335.6390555245537,110.12590859153055,0.00572737686139746,333.0
2001-02-01,90.6,4.2,176.0,10470.231,247.82,5.49,1305.7515804893092,111.80549926757813,0.002277904328018332,333.0
2001-03-01,91.5,4.3,176.1,10470.231,247.82,5.31,1185.850008877841,113.93181818181819,0.0005681818181817455,333.0
2001-04-01,88.4,4.4,176.4,10599.0,251.98,4.8,1189.8369995117187,115.50799903869628,0.0017035775127769437,336.0
2001-05-01,92.0,4.3,177.3,10599.0,251.98,4.21,1270.3686356977983,116.75363714044744,0.005102040816326481,336.0
2001-06-01,92.6,4.5,177.7,10599.0,251.98,3.97,1238.7104666573662,118.9499998546782,0.002256063169768563,336.0
2001-07-01,92.4,4.6,177.4,10598.02,255.89,3.77,1204.4495210193452,118.44772720336914,-0.0016882386043892694,338.0
2001-08-01,91.5,4.9,177.4,10598.02,255.89,3.65,1178.5039274796195,114.38999972136125,0.0,338.0
2001-09-01,81.8,5.0,178.1,10598.02,255.89,3.07,1044.643994140625,113.30375051498413,0.003945885005636862,338.0
2001-10-01,82.7,5.3,177.6,10660.465,259.05,2.49,1076.5904381793478,114.21000007961108,-0.0028074115665356336,340.0
2001-11-01,83.9,5.5,177.5,10660.465,259.05,2.09,1129.6833321707588,116.00772718949752,-0.0005630630630630851,340.0
2001-12-01,88.8,5.7,177.4,10660.465,259.05,1.82,1144.9300109863282,116.20500106811524,-0.0005633802816901179,340.0
2002-01-01,93.0,5.7,177.7,10783.5,262.76,1.73,1140.2076241629463,117.76363684914328,0.0016910935738443378,341.0
2002-02-01,90.7,5.7,178.0,10783.5,262.76,1.74,1100.6689388877467,118.96650123596191,0.0016882386043894915,341.0
2002-03-01,95.7,5.7,178.5,10783.5,262.76,1.73,1153.7910034179688,117.93600044250488,0.002808988764045006,341.0
2002-04-01,93.0,5.9,179.3,10887.46,267.25,1.75,1112.034540349787,116.88272718949752,0.004481792717086819,339.0
2002-05-01,96.9,5.8,179.5,10887.46,267.25,1.75,1079.2672784978693,113.37217380689538,0.001115448968209698,339.0
2002-06-01,92.4,5.8,179.6,10887.46,267.25,1.75,1014.0480072021485,109.6504997253418,0.0005571030640667551,339.0
2002-07-01,88.1,5.8,180.0,10984.04,272.55,1.73,903.5854575417259,105.9573918218198,0.00222717149220486,337.0
2002-08-01,87.6,5.7,180.5,10984.04,272.55,1.74,912.5522738370029,107.3899997364391,0.002777777777777768,337.0
2002-09-01,86.1,5.7,180.8,10984.04,272.55,1.75,867.8120056152344,107.3029998779297,0.0016620498614958734,337.0
2002-10-01,80.6,5.7,181.2,11061.433,276.42,1.75,854.6313078507134,107.53043531334919,0.0022123893805308104,336.0
2002-11-01,84.2,5.9,181.5,11061.433,276.42,1.34,909.9270050048829,105.67523847307477,0.0016556291390728006,336.0
2002-12-01,86.7,6.0,181.8,11061.433,276.42,1.24,899.1785743350074,104.23285747709728,0.0016528925619836432,336.0
2003-01-01,82.4,5.8,182.6,11174.129,279.78,1.24,895.8361903599331,100.82762037004743,0.004400440044004306,335.0
2003-02-01,79.9,5.9,183.6,11174.129,279.78,1.26,837.6189510947779,99.85894735235917,0.005476451259583737,335.0
2003-03-01,77.6,5.9,183.9,11174.129,279.78,1.25,846.6214250837054,99.7509522210984,0.0016339869281045694,335.0
2003-04-01,86.0,6.0,183.2,11312.766,283.2,1.26,890.0257132393973,99.4047619047619,-0.0038064165307233333,338.0
2003-05-01,92.1,6.1,182.9,11312.766,283.2,1.26,935.9628528413318,94.43571472167969,-0.0016375545851528006,338.0
2003-06-01,89.7,6.3,183.1,11312.766,283.2,1.22,987.9952392578125,93.5414294288272,0.0010934937124111865,338.0
2003-07-01,90.9,6.2,183.7,11566.669,287.58,1.01,992.5409102006392,95.6369569197945,0.003276897870016393,337.0
2003-08-01,89.3,6.1,184.5,11566.669,287.58,1.03,989.5319097609747,97.22857266380673,0.004354926510615087,337.0
2003-09-01,87.7,6.1,185.1,11566.669,287.58,1.01,1019.441900344122,95.81909040971236,0.003252032520325132,337.0
2003-10-01,89.6,6.0,184.9,11772.234,295.71,1.01,1038.7343431555707,92.07608728823455,-0.0010804970286331095,337.0
2003-11-01,93.7,5.8,185.0,11772.234,295.71,1.0,1049.8989450555098,91.93789472078022,0.0005408328826392861,337.0
2003-12-01,92.6,5.7,185.5,11772.234,295.71,0.98,1080.6359197443182,88.40454448353161,0.002702702702702675,337.0
2004-01-01,103.8,5.7,186.3,11923.447,300.36,1.0,1132.5174987792968,86.44142841157459,0.004312668463611891,337.0
2004-02-01,94.4,5.6,186.7,11923.447,300.36,1.01,1143.3563232421875,86.34749870300293,0.0021470746108425143,337.0
2004-03-01,95.8,5.8,187.1,11923.447,300.36,1.0,1123.9782449473505,88.45782570216967,0.002142474558114671,337.0
2004-04-01,94.2,5.6,187.4,12112.815,307.7,1.0,1133.0785725911458,89.83619072323754,0.0016034206306787535,341.0
2004-05-01,90.2,5.6,188.2,12112.815,307.7,1.0,1102.7815002441407,90.54899940490722,0.004268943436499306,341.0
2004-06-01,95.6,5.6,188.9,12112.815,307.7,1.03,1132.7571556454614,89.15500016645952,0.0037194473963868546,341.0
2004-07-01,96.7,5.5,189.1,12305.307,319.43,1.26,1105.846656436012,88.33636370572177,0.001058761249338236,335.0
2004-08-01,95.9,5.4,189.2,12305.307,319.43,1.43,1088.9349920099432,88.87590928511186,0.0005288207297726721,335.0
2004-09-01,94.2,5.4,189.8,12305.307,319.43,1.61,1117.6562034970239,88.65545515580611,0.003171247357294016,335.0
2004-10-01,91.7,5.5,190.8,12527.214,326.27,1.76,1118.0680977957588,86.87809426443917,0.005268703898840821,337.0
2004-11-01,92.8,5.4,191.7,12527.214,326.27,1.93,1168.9376220703125,83.598182331432,0.004716981132075304,337.0
2004-12-01,97.1,5.4,191.7,12527.214,326.27,2.16,1199.2095447887075,81.56913027556047,0.0,337.0
2005-01-01,95.5,5.3,191.6,12767.286,333.76,2.28,1181.4079956054688,83.11190468924386,-0.0005216484089722861,336.0
2005-02-01,94.1,5.4,192.4,12767.286,333.76,2.5,1199.6268439041942,83.72349967956544,0.0041753653444676075,336.0
2005-03-01,92.6,5.2,193.1,12767.286,333.76,2.63,1194.8977272727273,82.83636335893111,0.0036382536382535413,336.0
2005-04-01,87.7,5.2,193.7,12922.656,344.47,2.79,1164.4276123046875,84.26714288620721,0.0031071983428274663,334.0
2005-05-01,86.9,5.1,193.6,12922.656,344.47,3.0,1178.2757161458333,85.62809499104817,-0.0005162622612286949,334.0
2005-06-01,96.0,5.0,193.7,12922.656,344.47,3.04,1202.2531682794745,88.44227253306995,0.0005165289256197081,334.0
2005-07-01,96.5,5.0,194.9,13142.642,354.92,3.26,1222.2369995117188,89.69666617257255,0.006195147134744561,331.0
2005-08-01,89.1,4.9,196.1,13142.642,354.92,3.5,1224.2699983016305,87.94086987039317,0.0061570035915854415,331.0
2005-09-01,76.9,5.0,198.8,13142.642,354.92,3.62,1225.914771670387,88.08000001453217,0.013768485466598701,331.0
2005-10-01,74.2,5.0,199.1,13324.204,362.95,3.78,1191.9642857142858,89.72190420968192,0.0015090543259557165,332.0
2005-11-01,81.6,5.0,198.1,13324.204,362.95,4.0,1237.3685651506696,91.49190557570685,-0.0050226017076845375,332.0
2005-12-01,91.5,4.9,198.1,13324.204,362.95,4.16,1262.0719110398065,90.91619037446522,0.0,332.0
2006-01-01,91.2,4.7,199.3,13599.16,368.7,4.29,1278.7224975585937,89.03099975585937,0.006057546693589266,332.0
2006-02-01,86.7,4.8,199.4,13599.16,368.7,4.49,1276.6452765213817,90.3526322214227,0.0005017561465128217,332.0
2006-03-01,88.9,4.7,199.7,13599.16,368.7,4.59,1293.7347783627717,89.96695642885955,0.0015045135406217547,332.0
2006-04-01,87.4,4.7,200.7,13753.424,372.48,4.79,1302.1652703536183,88.409473619963,0.005007511266900355,329.0
2006-05-01,79.1,4.6,201.3,13753.424,372.48,4.94,1290.0136274857955,84.85727240822531,0.002989536621823774,329.0
2006-06-01,84.9,4.6,201.8,13753.424,372.48,4.99,1253.1681795987215,85.76590902155095,0.0024838549428713996,329.0
2006-07-01,84.7,4.7,202.9,13870.188,375.54,5.24,1260.2345031738282,85.8930004119873,0.005450941526263575,334.0
2006-08-01,82.0,4.7,203.8,13870.188,375.54,5.25,1287.1495679772418,85.04521743110989,0.004435682602267121,334.0
2006-09-01,85.4,4.5,202.8,13870.188,375.54,5.25,1317.7430114746094,85.60449981689453,-0.004906771344455385,334.0
2006-10-01,93.6,4.4,201.9,14039.56,379.39,5.25,1363.3772638494318,86.34272592717952,-0.004437869822485285,337.0
2006-11-01,92.1,4.5,202.0,14039.56,379.39,5.25,1388.634753999256,84.84454553777522,0.0004952947003467045,337.0
2006-12-01,91.7,4.4,203.1,14039.56,379.39,5.24,1416.4200073242187,83.35550041198731,0.00544554455445545,337.0
2007-01-01,96.9,4.6,203.437,14215.651,380.81,5.25,1424.160986328125,84.78047579810733,0.001659281142294633,336.0
2007-02-01,91.3,4.5,204.226,14215.651,380.81,5.26,1444.7947484066613,84.40631585372121,0.003878350545869269,336.0
2007-03-01,88.4,4.4,205.288,14215.651,380.81,5.26,1406.9518210671165,83.48409063165838,0.005200121434097538,336.0
2007-04-01,87.1,4.5,205.904,14402.082,380.56,5.25,1463.6405029296875,82.14999961853027,0.003000662483924943,335.0
2007-05-01,88.3,4.4,206.755,14402.082,380.56,5.25,1511.1368130770597,82.10999991677024,0.004132994016629032,335.0
2007-06-01,85.3,4.6,207.234,14402.082,380.56,5.25,1514.4895193917412,82.46619015648251,0.0023167517109623503,335.0
2007-07-01,90.4,4.7,207.603,14564.117,376.31,5.26,1520.7047584170386,80.77857099260602,0.0017805958481715844,336.0
2007-08-01,83.4,4.6,207.667,14564.117,376.31,5.02,1454.6169592815897,80.93478260869566,0.00030828070885302594,336.0
2007-09-01,83.4,4.7,208.547,14564.117,376.31,4.94,1497.1163265830592,79.30210515072471,0.0042375533907650365,336.0
2007-10-01,80.9,4.7,209.19,14715.058,375.08,4.76,1539.65869140625,77.84782575524372,0.0030832378312801723,332.0
2007-11-01,76.1,4.7,210.834,14715.058,375.08,4.49,1463.3852364676338,75.66904740106492,0.007858884267890387,332.0
2007-12-01,75.5,5.0,211.445,14715.058,375.08,4.24,1479.2234985351563,76.76400032043458,0.002898014551732553,332.0
2008-01-01,78.4,5.0,212.174,14706.538,372.32,3.94,1378.7638055710565,75.90428597586495,0.003447705076970342,335.0
2008-02-01,70.8,4.9,212.687,14706.538,372.32,2.98,1354.872509765625,75.67050018310547,0.0024178268779397882,335.0
2008-03-01,69.5,5.1,213.448,14706.538,372.32,2.61,1316.9429931640625,72.45350036621093,0.003578027806118822,335.0
2008-04-01,62.6,5.0,213.942,14865.701,362.93,2.28,1370.4690940163352,72.11681851473722,0.002314381020201539,335.0
2008-05-01,59.8,5.4,215.208,14865.701,362.93,1.98,1403.2176164899554,72.91238076346261,0.0059174916566171465,335.0
2008-06-01,56.4,5.6,217.463,14865.701,362.93,2.0,1341.250964936756,73.17952364966983,0.0104782350098509,335.0
2008-07-01,61.2,5.8,219.016,14898.999,351.48,2.01,1257.32636607777,72.53727236661044,0.007141444751521009,331.0
2008-08-01,63.0,6.1,218.69,14898.999,351.48,2.0,1281.4723656063989,76.0614278884161,-0.0014884757278006422,331.0
2008-09-01,70.3,6.1,218.877,14898.999,351.48,1.81,1217.0228562127977,78.26428513299851,0.0008550916822900323,331.0
2008-10-01,57.6,6.5,216.995,14608.209,348.24,0.97,968.8008741295856,83.11173944887908,-0.008598436564828615,340.0
2008-11-01,55.3,6.8,213.153,14608.209,348.24,0.39,883.04052734375,86.43210561651932,-0.017705477084725474,340.0
2008-12-01,60.1,7.3,211.398,14608.209,348.24,0.16,877.5618175159801,83.10499988902698,-0.008233522399403226,340.0
2009-01-01,61.2,7.8,211.933,14430.902,350.81,0.15,865.5755004882812,84.12249946594238,0.0025307713412614508,345.0
2009-02-01,56.3,8.3,212.705,14430.902,350.81,0.22,805.2273688065378,86.55263198049445,0.003642660652187324,345.0
2009-03-01,57.3,8.7,212.495,14430.902,350.81,0.18,757.1268144087358,86.45818224820223,-0.000987282856538485,345.0
2009-04-01,65.1,9.0,212.709,14381.236,341.62,0.15,848.1518990652902,85.25142887660435,0.0010070825195886979,345.0
2009-05-01,68.7,9.4,213.022,14381.236,341.62,0.18,902.4085021972656,82.16100006103515,0.0014714939189219844,345.0
2009-06-01,70.8,9.5,214.79,14381.236,341.62,0.21,926.1150013316761,80.09318161010742,0.008299612246622345,345.0
2009-07-01,66.0,9.5,214.726,14448.882,332.7,0.16,935.8213639692826,79.48909065940164,-0.00029796545463012247,345.0
2009-08-01,65.7,9.6,215.445,14448.882,332.7,0.16,1009.7247576032366,78.44857134137835,0.0033484533777929926,345.0
2009-09-01,73.5,9.8,215.861,14448.882,332.7,0.15,1044.5523826962426,77.0076192220052,0.0019308872334005134,345.0
2009-10-01,70.6,10.0,216.509,14651.249,330.17,0.12,1067.6636297052557,76.01181827891956,0.003001931798703783,344.0
2009-11-01,67.4,9.9,217.234,14651.249,330.17,0.12,1088.0690063476563,75.33699989318848,0.0033485905897676638,344.0
2009-12-01,72.5,9.9,217.347,14651.249,330.17,0.12,1110.377724387429,76.78999987515536,0.0005201763996427466,344.0
2010-01-01,74.4,9.8,217.488,14764.61,326.23,0.11,1123.5815815172698,77.840526380037,0.0006487322116246474,344.0
2010-02-01,73.6,9.8,217.281,14764.61,326.23,0.13,1089.1599892064144,80.15578942549855,-0.0009517766497462166,344.0
2010-03-01,73.6,9.9,217.353,14764.61,326.23,0.16,1152.0486901324728,80.67130445397419,0.00033136813619227823,344.0
2010-04-01,72.2,9.9,217.403,14980.193,323.26,0.2,1197.316185360863,81.23285747709728,0.00023004053314190642,342.0
2010-05-01,73.6,9.6,217.29,14980.193,323.26,0.2,1125.0620056152343,85.3615005493164,-0.0005197720362644098,342.0
2010-06-01,76.0,9.4,217.199,14980.193,323.26,0.18,1083.3608953302557,86.5750004161488,-0.00041879515854381655,342.0
2010-07-01,67.8,9.4,217.605,15141.607,326.41,0.18,1079.8033360072545,83.07047562372117,0.0018692535416828804,342.0
2010-08-01,68.9,9.5,217.923,15141.607,326.41,0.19,1087.2822709517045,82.14909120039506,0.0014613634796996067,342.0
2010-09-01,68.2,9.5,218.275,15141.607,326.41,0.19,1122.0819033668154,81.08333297002883,0.001615249422961318,342.0
2010-10-01,67.7,9.4,219.035,15309.474,324.08,0.19,1171.5838099888392,77.45999944777716,0.00348184629481163,341.0
2010-11-01,71.6,9.8,219.59,15309.474,324.08,0.19,1198.8885614304315,78.37571461995442,0.0025338416234848005,341.0
2010-12-01,74.5,9.3,220.472,15309.474,324.08,0.18,1241.5254516601562,80.04909133911133,0.004016576346828282,341.0
2011-01-01,74.2,9.1,221.187,15351.448,315.08,0.17,1282.6184997558594,79.146000289917,0.003243042200370194,338.0
2011-02-01,77.5,9.0,221.898,15351.448,315.08,0.16,1321.1178877981085,77.78263172350432,0.00321447463006419,338.0
2011-03-01,67.5,9.0,223.046,15351.448,315.08,0.14,1304.4865138841712,76.28956604003906,0.0051735482068338,338.0
2011-04-01,69.8,9.1,224.093,15557.539,309.54,0.1,1331.5050109863282,74.72449989318848,0.0046940989750992035,336.0
2011-05-01,74.3,9.0,224.806,15557.539,309.54,0.09,1338.3104654947917,74.94142841157459,0.003181714734507679,336.0
2011-06-01,71.5,9.1,224.806,15557.539,309.54,0.09,1287.2886408025568,74.6936361139471,0.0,336.0
2011-07-01,63.7,9.0,225.395,15647.68,311.85,0.07,1325.184503173828,74.75699958801269,0.0026200368317570444,336.0
2011-08-01,55.8,9.0,226.106,15647.68,311.85,0.1,1185.3056534476902,74.23652184527853,0.003154462166418792,336.0
2011-09-01,59.5,9.0,226.597,15647.68,311.85,0.08,1173.8790573846727,76.990476335798,0.0021715478580843772,336.0
2011-10-01,60.8,8.8,226.75,15842.259,313.28,0.07,1207.2161865234375,77.15428524925595,0.0006752075270193281,335.0
2011-11-01,63.7,8.6,227.169,15842.259,313.28,0.08,1226.414771670387,77.89142899286179,0.0018478500551268873,335.0
2011-12-01,69.9,8.5,227.223,15842.259,313.28,0.07,1243.3228469122023,79.61142803373791,0.00023770849015480877,335.0
2012-01-01,75.0,8.3,227.842,16068.805,309.99,0.08,1300.5780151367187,80.2680004119873,0.0027241960540966836,335.0
2012-02-01,75.3,8.3,228.329,16068.805,309.99,0.1,1352.4875,78.93149948120117,0.002137446124946152,335.0
2012-03-01,76.2,8.2,228.807,16068.805,309.99,0.13,1389.2400013316762,79.53681807084517,0.002093470387029228,335.0
2012-04-01,76.4,8.2,229.187,16207.115,308.58,0.14,1386.4289855957031,79.40150032043456,0.0016607883500068255,337.0
2012-05-01,79.3,8.2,228.713,16207.115,308.58,0.16,1341.2727161754262,80.92545491998845,-0.002068180132381081,337.0
2012-06-01,73.2,8.2,228.524,16207.115,308.58,0.16,1323.4842936197917,82.22047714960007,-0.0008263631713106845,337.0
2012-07-01,72.3,8.2,228.59,16319.541,312.7,0.16,1359.7761986142114,83.06761896042596,0.0002888099280600187,333.0
2012-08-01,74.3,8.1,229.918,16319.541,312.7,0.13,1403.4482581097147,82.16000034498131,0.00580952797585188,333.0
2012-09-01,78.3,7.8,231.015,16319.541,312.7,0.14,1443.4194721422698,79.8142109921104,0.004771266277542319,333.0
2012-10-01,82.6,7.8,231.638,16420.419,315.15,0.16,1437.816662016369,79.70809500558036,0.0026967945804385884,333.0
2012-11-01,82.7,7.7,231.249,16420.419,315.15,0.16,1394.5123872302827,80.68523842947823,-0.0016793444944266378,333.0
2012-12-01,72.9,7.9,231.221,16420.419,315.15,0.16,1422.2854919433594,79.75849990844726,-0.00012108160467716456,333.0
2013-01-01,73.8,8.0,231.679,16648.189,316.71,0.14,1480.395240420387,79.87333279564267,0.001980788942180789,331.0
2013-02-01,77.6,7.7,232.937,16648.189,316.71,0.15,1512.3115812602796,80.60526315789474,0.005429926752100966,331.0
2013-03-01,78.6,7.5,232.282,16648.189,316.71,0.14,1550.8289855957032,82.6254997253418,-0.0028119191025899326,331.0
2013-04-01,76.4,7.6,231.797,16728.687,321.54,0.15,1570.702264959162,82.52500048550692,-0.002087979266581219,335.0
2013-05-01,84.5,7.5,231.893,16728.687,321.54,0.11,1639.842723499645,83.2136362249201,0.00041415548950163306,335.0
2013-06-01,84.1,7.5,232.445,16728.687,321.54,0.09,1618.7725158691405,81.85049972534179,0.002380408205508555,335.0
2013-07-01,85.1,7.3,232.9,16953.838,326.13,0.09,1668.6754427823153,82.7895462729714,0.001957452300544338,334.0
2013-08-01,82.1,7.2,233.456,16953.838,326.13,0.08,1670.0936390269887,81.48181776566939,0.0023872906826962748,334.0
2013-09-01,77.5,7.2,233.544,16953.838,326.13,0.08,1687.1735046386718,81.15949897766113,0.00037694469193350066,334.0
2013-10-01,73.2,7.2,233.669,17192.019,328.72,0.09,1720.0265317170517,79.86652175239895,0.000535231048539142,334.0
2013-11-01,75.1,6.9,234.1,17192.019,328.72,0.08,1783.5410034179688,80.84400024414063,0.0018444894273523804,334.0
2013-12-01,82.5,6.7,234.719,17192.019,328.72,0.09,1807.7752336774554,80.30666605631511,0.0026441691584793148,334.0
2014-01-01,81.2,6.6,235.288,17197.738,331.42,0.07,1822.3566603887648,80.8095241728283,0.0024241752904536895,335.0
2014-02-01,81.6,6.7,235.547,17197.738,331.42,0.07,1817.0347386410363,80.4573685495477,0.0011007786202441583,335.0
2014-03-01,80.0,6.7,236.028,17197.738,331.42,0.08,1863.5233386811756,79.87047685895648,0.00204205530106516,335.0
2014-04-01,84.1,6.2,236.468,17518.508,337.85,0.09,1864.2633347284227,79.85333360944476,0.0018641856050976013,330.0
2014-05-01,81.9,6.3,236.918,17518.508,337.85,0.09,1889.7671421595983,79.9490472702753,0.0019030059035471947,330.0
2014-06-01,82.5,6.1,237.231,17518.508,337.85,0.1,1947.087611607143,80.442382085891,0.001321132206079767,330.0
2014-07-01,81.8,6.2,237.498,17804.228,342.73,0.09,1973.0999866832387,80.54772637107156,0.001125485286492811,336.0
2014-08-01,82.5,6.1,237.46,17804.228,342.73,0.09,1961.5319068545386,81.86380949474517,-0.00016000134737970129,336.0
2014-09-01,84.6,5.9,237.477,17804.228,342.73,0.09,1993.2261904761904,84.45904795328777,7.159100480080838e-05,336.0
2014-10-01,86.9,5.7,237.43,17912.079,345.51,0.09,1937.2743503736413,85.67043470299762,-0.00019791390324119806,336.0
2014-11-01,88.8,5.8,236.983,17912.079,345.51,0.09,2044.5721050061677,87.72842085988898,-0.0018826601524659647,336.0
2014-12-01,93.6,5.6,236.252,17912.079,345.51,0.12,2054.2663629705257,89.1568173495206,-0.0030846094445592387,336.0
2015-01-01,98.1,5.7,234.747,18063.529,349.31,0.11,2028.1785095214843,92.9770004272461,-0.0063703164417655556,341.0
2015-02-01,95.4,5.5,235.342,18063.529,349.31,0.11,2082.1957943564967,94.45789337158203,0.0025346436802173855,341.0
2015-03-01,93.0,5.4,235.976,18063.529,349.31,0.11,2079.9904396750712,97.87818249789152,0.0026939517808124425,341.0
2015-04-01,95.9,5.4,236.222,18279.784,354.99,0.12,2094.862839471726,97.59190477643695,0.0010424788961589382,339.0
2015-05-01,90.7,5.6,237.001,18279.784,354.99,0.12,2111.9435180664063,95.1920009613037,0.003297745341246827,339.0
2015-06-01,96.1,5.3,237.657,18279.784,354.99,0.13,2099.2836581143465,95.17000024968928,0.0027679208104607333,339.0
2015-07-01,93.1,5.2,238.034,18401.626,360.01,0.13,2094.1436268199573,96.96227299083363,0.0015863197801873063,340.0
2015-08-01,91.9,5.1,238.033,18401.626,360.01,0.14,2039.8662051246279,96.37809499104817,-4.20108051790713e-06,340.0
2015-09-01,87.2,5.0,237.498,18401.626,360.01,0.14,1944.4023844401042,95.75809515090216,-0.002247587519377592,340.0
2015-10-01,90.0,5.0,237.733,18435.137,362.9,0.12,2024.8127163973722,95.71409086747603,0.0009894820166906904,345.0
2015-11-01,91.3,5.1,238.017,18435.137,362.9,0.12,2080.61650390625,99.03300056457519,0.0011946174910508756,345.0
2015-12-01,92.6,5.0,237.761,18435.137,362.9,0.24,2054.0795621004972,98.33409049294211,-0.0010755534268560574,345.0
2016-01-01,92.0,4.8,237.652,18525.933,366.25,0.34,1918.5978875411183,99.02300033569335,-0.0004584435630738959,346.0
2016-02-01,91.7,4.9,237.336,18525.933,366.25,0.38,1904.4184936523438,97.09550018310547,-0.0013296753235823022,346.0
2016-03-01,91.0,5.0,238.08,18525.933,366.25,0.36,2021.9540904651988,96.25954506613992,0.0031347962382444194,346.0
2016-04-01,89.0,5.1,238.992,18711.702,373.09,0.37,2075.5352318173364,94.403809320359,0.0038306451612901693,345.0
2016-05-01,94.7,4.8,239.557,18711.702,373.09,0.37,2065.5504789806546,94.52190471830822,0.0023640958693178504,345.0
2016-06-01,93.5,4.9,240.222,18711.702,373.09,0.38,2083.891368519176,94.67227207530628,0.002775957287827202,345.0
2016-07-01,90.0,4.8,240.101,18892.639,379.74,0.39,2148.9019775390625,96.57250061035157,-0.0005037007434789409,347.0
2016-08-01,89.8,4.9,240.545,18892.639,379.74,0.4,2177.482167119565,95.38000023883322,0.0018492217858316895,347.0
2016-09-01,91.2,5.0,241.176,18892.639,379.74,0.4,2157.690964471726,95.46523757207962,0.0026232097944252075,347.0
2016-10-01,87.2,4.9,241.741,19089.379,382.69,0.4,2143.0209379650296,97.73899917602539,0.0023426874979268764,349.0
2016-11-01,93.8,4.7,242.026,19089.379,382.69,0.41,2164.9856887090773,99.7055004119873,0.0011789477167711837,349.0
2016-12-01,98.2,4.7,242.637,19089.379,382.69,0.54,2246.6290457589284,102.01333254859561,0.002524522158776188,349.0
2017-01-01,98.5,4.7,243.618,19280.084,385.42,0.65,2275.1159790039064,101.12199974060059,0.004043076694815628,352.0
2017-02-01,96.3,4.6,244.006,19280.084,385.42,0.66,2329.9105417351975,100.69105329011616,0.0015926573570097524,352.0
2017-03-01,96.9,4.4,243.892,19280.084,385.42,0.79,2366.822170091712,100.75912973155145,-0.00046720162618951733,352.0
2017-04-01,97.0,4.4,244.193,19438.643,394.04,0.9,2359.309454666941,100.04526278847142,0.001234152821740775,354.0
2017-05-01,97.1,4.4,244.004,19438.643,394.04,0.91,2395.345880681818,98.26863653009588,-0.0007739779600562935,354.0
2017-06-01,95.0,4.3,244.163,19438.643,394.04,1.04,2433.98545143821,96.94863683527166,0.0006516286618252209,354.0
2017-07-01,93.4,4.3,244.243,19692.595,400.1,1.15,2454.102502441406,94.8610008239746,0.0003276499715354486,352.0
2017-08-01,96.8,4.4,245.183,19692.595,400.1,1.16,2456.2230702275815,93.17608642578125,0.0038486261632881824,352.0
2017-09-01,95.1,4.3,246.435,19692.595,400.1,1.15,2492.8410400390626,92.32400054931641,0.005106389920997767,352.0
2017-10-01,100.7,4.2,246.626,20037.088,403.42,1.15,2556.9972700639205,93.71954484419389,0.0007750522450138408,345.0
2017-11-01,98.5,4.2,247.284,20037.088,403.42,1.16,2593.605736142113,93.9971440633138,0.002668007428251684,345.0
2017-12-01,95.9,4.1,247.805,20037.088,403.42,1.3,2664.34052734375,93.38800010681152,0.0021068892447551058,345.0
2018-01-01,95.7,4.0,248.859,20328.553,409.09,1.41,2789.8038155691966,90.74476187569755,0.004253344363511546,351.0
2018-02-01,99.7,4.1,249.529,20328.553,409.09,1.42,2705.1552477384867,89.73052617123253,0.0026922876006090224,351.0
2018-03-01,101.4,4.0,249.577,20328.553,409.09,1.51,2702.7738211495534,89.87619127546039,0.000192362410782021,351.0
2018-04-01,98.8,4.0,250.227,20580.912,416.61,1.69,2653.6252092633927,90.2933327811105,0.002604406656061986,351.0
2018-05-01,98.0,3.8,250.792,20580.912,416.61,1.7,2701.4936190518465,93.29954598166726,0.002257949781598212,351.0
2018-06-01,98.2,4.0,251.018,20580.912,416.61,1.82,2754.3528878348216,94.37714276994977,0.0009011451720948305,351.0
2018-07-01,97.9,3.8,251.214,20798.73,421.72,1.91,2793.643357049851,94.59761919294085,0.0007808204989283585,354.0
2018-08-01,96.2,3.8,251.663,20798.73,421.72,1.91,2857.8204292629075,95.48173954175866,0.0017873207703393845,354.0
2018-09-01,100.1,3.7,252.182,20798.73,421.72,1.95,2901.5005139802633,94.73947464792352,0.002062281702117419,354.0
2018-10-01,98.6,3.8,252.772,20917.867,423.16,2.19,2785.4647800611415,95.85260938561481,0.002339580144498754,355.0
2018-11-01,97.5,3.8,252.594,20917.867,423.16,2.2,2723.231422061012,96.76142883300781,-0.0007041919199911595,355.0
2018-12-01,98.3,3.9,252.767,20917.867,423.16,2.27,2567.3073858963817,96.87578984310753,0.0006848935445813442,355.0
2019-01-01,91.2,4.0,252.561,21111.6,427.9,2.4,2607.3899972098216,95.93761880057198,-0.0008149798035343991,355.0
2019-02-01,93.8,3.8,253.319,21111.6,427.9,2.4,2754.8642064144738,96.45842100444592,0.003001255142321968,355.0
2019-03-01,98.4,3.8,254.277,21111.6,427.9,2.41,2803.9837937127977,96.78285689581008,0.0037817929172307974,355.0
2019-04-01,97.2,3.7,255.233,21397.938,435.04,2.42,2903.799979073661,97.35857173374721,0.0037596794047436433,358.0
2019-05-01,100.0,3.6,255.296,21397.938,435.04,2.39,2854.705910422585,97.74181782115589,0.0002468332856644384,358.0
2019-06-01,98.2,3.6,255.213,21397.938,435.04,2.38,2890.165979003906,96.80450057983398,-0.0003251128102280676,358.0
2019-07-01,98.4,3.7,255.802,21717.171,440.59,2.4,2996.1136363636365,97.36590922962536,0.0023078761661827762,360.0
2019-08-01,89.8,3.6,256.036,21717.171,440.59,2.13,2897.450450550426,98.00454503839666,0.0009147700174354512,360.0
2019-09-01,93.2,3.5,256.43,21717.171,440.59,2.04,2982.156005859375,98.59999961853028,0.0015388460997671771,360.0
2019-10-01,95.5,3.6,257.155,21933.217,444.5,1.83,2977.675197435462,98.1730436242145,0.0028272822992627678,362.0
2019-11-01,96.8,3.6,257.879,21933.217,444.5,1.55,3104.9044921875,98.06499977111817,0.00281542260504386,362.0
2019-12-01,99.3,3.6,258.63,21933.217,444.5,1.55,3176.74951171875,97.37666684105282,0.0029122185210892493,362.0
2020-01-01,99.8,3.6,258.906,21727.657,449.66,1.55,3278.202857607887,97.43619028727214,0.0010671615821831182,367.0
2020-02-01,101.0,3.5,259.246,21727.657,449.66,1.58,3277.3141832853617,98.84315852115029,0.0013132179246519993,367.0
2020-03-01,89.1,4.4,258.15,21727.657,449.66,0.65,2652.393632368608,98.8350004716353,-0.004227644785261941,367.0
2020-04-01,71.8,14.8,256.126,19935.444,454.17,0.05,2761.9752255394346,99.91285705566406,-0.007840402866550411,393.0
2020-05-01,72.3,13.2,255.848,19935.444,454.17,0.05,2919.6084838867187,99.55300025939941,-0.0010854032780739375,393.0
2020-06-01,78.1,11.0,257.004,19935.444,454.17,0.08,3104.6609330610795,97.08772798018022,0.004518307745223771,393.0
2020-07-01,72.5,10.2,258.408,21684.551,462.16,0.09,3207.6190962357955,95.51409114490856,0.0054629499929961245,384.0
2020-08-01,74.1,8.4,259.366,21684.551,462.16,0.1,3391.7100190662204,93.0442857288179,0.003707315562985647,384.0
2020-09-01,80.4,7.8,259.951,21684.551,462.16,0.09,3365.516671316964,93.43714287167504,0.002255499949877837,384.0
2020-10-01,81.8,6.8,260.249,22068.767,472.31,0.09,3418.6999955610795,93.40636340054598,0.001146369892787602,376.0
2020-11-01,76.9,6.7,260.895,22068.767,472.31,0.09,3548.99248046875,92.6195011138916,0.0024822381642195523,376.0
2020-12-01,80.7,6.7,262.005,22068.767,472.31,0.09,3695.3100142045455,90.51272721724077,0.0042545851779451915,376.0
2021-01-01,79.0,6.4,262.518,22656.793,483.72,0.09,3793.7484323601975,90.22631554854543,0.001957977901184904,373.0
2021-02-01,76.8,6.2,263.583,22656.793,483.72,0.08,3883.4321160567433,90.65157880281147,0.004056864672137062,373.0
2021-03-01,84.9,6.1,264.91,22656.793,483.72,0.07,3910.5082795516305,92.00913039497708,0.0050344673214888225,373.0
2021-04-01,88.3,6.1,266.752,23368.861,510.6,0.07,4141.176199776785,91.58761887323288,0.006953304896002432,371.0
2021-05-01,82.9,5.8,268.452,23368.861,510.6,0.06,4167.849536132812,90.31799964904785,0.006372960652591075,371.0
2021-06-01,85.5,5.9,270.664,23368.861,510.6,0.08,4238.48954634233,91.03909128362483,0.00823983430929931,371.0
2021-07-01,81.2,5.4,271.994,23921.991,539.04,0.1,4363.712797619048,92.52285802932013,0.004913841515680195,367.0
2021-08-01,70.3,5.1,272.789,23921.991,539.04,0.09,4453.965931285511,92.7999995838512,0.002922858592468769,367.0
2021-09-01,72.8,4.7,273.887,23921.991,539.04,0.08,4445.543317522322,92.99238041469029,0.004025088988192316,367.0
2021-10-01,71.7,4.5,276.434,24777.038,557.56,0.08,4460.707077752976,93.95142800467355,0.00929945561490686,362.0
2021-11-01,67.4,4.1,278.799,24777.038,557.56,0.08,4667.386648995535,95.27095140729632,0.008555387542776849,362.0
2021-12-01,70.6,3.9,280.808,24777.038,557.56,0.08,4674.772771661932,96.19000001387163,0.007205908199096944,362.0
2022-01-01,67.2,4.0,282.39,25215.491,578.0,0.08,4573.815454101563,95.96649971008301,0.005633742628415206,362.0
2022-02-01,62.8,3.8,284.535,25215.491,578.0,0.08,4435.980494449013,95.9968426353053,0.0075958780410072535,362.0
2022-03-01,59.4,3.6,287.553,25215.491,578.0,0.2,4391.265264096467,98.46695676057234,0.010606779482313256,362.0
2022-04-01,65.2,3.7,288.764,25805.791,615.93,0.33,4391.29599609375,100.70849990844727,0.004211397551060259,359.0
2022-05-01,58.4,3.6,291.359,25805.791,615.93,0.77,4040.3600027901784,103.16761888776507,0.00898657727417529,359.0
2022-06-01,50.0,3.6,294.996,25805.791,615.93,1.21,3898.9466843377977,103.8442862374442,0.012482881942895263,359.0
2022-07-01,51.5,3.5,294.977,26272.011,626.0,1.68,3911.7294921875,107.03350028991699,-6.440765298509898e-05,362.0
2022-08-01,58.2,3.6,295.209,26272.011,626.0,2.33,4158.563083814538,107.1495653235394,0.0007865019984609756,362.0
2022-09-01,58.6,3.5,296.341,26272.011,626.0,2.56,3850.5204961867557,110.74333336239769,0.0038345714392176156,362.0
2022-10-01,59.9,3.6,297.863,26734.277,620.54,3.08,3726.050955636161,111.94142804827008,0.005135975109755275,363.0
2022-11-01,56.7,3.6,298.648,26734.277,620.54,3.78,3917.488595145089,108.14000047956195,0.0026354397827190734,363.0
2022-12-01,59.8,3.5,298.812,26734.277,620.54,4.1,3912.3809523809523,104.5028566632952,0.0005491414641987102,363.0
2023-01-01,64.9,3.4,300.356,27164.359,624.05,4.33,3960.656530761719,102.71199913024903,0.0051671284955088215,363.0
2023-02-01,66.9,3.6,301.509,27164.359,624.05,4.57,4079.6847245065787,103.66000004818565,0.0038387779834596625,363.0
2023-03-01,62.0,3.5,301.744,27164.359,624.05,4.65,3968.5591457201085,103.76739137069039,0.0007794128865141747,363.0
2023-04-01,63.7,3.4,303.032,27453.815,643.31,4.83,4121.467362253289,101.764209948088,0.004268519009491323,365.0
2023-05-01,59.0,3.7,303.365,27453.815,643.31,5.06,4146.1731955788355,102.69999937577681,0.0010988938461946596,365.0
2023-06-01,64.2,3.6,304.003,27453.815,643.31,5.08,4345.372837611607,103.11190432593936,0.0021030771512864366,365.0
2023-07-01,71.5,3.5,304.628,27967.697,655.3,5.12,4508.07548828125,101.32749938964844,0.0020559007641371974,366.0
2023-08-01,69.4,3.8,306.187,27967.697,655.3,5.33,4457.358674422554,103.09652179220448,0.005117717347059347,366.0
2023-09-01,67.8,3.8,307.288,27967.697,655.3,5.33,4409.094995117188,105.33149948120118,0.0035958417568349166,366.0
2023-10-01,63.8,3.8,307.531,28296.967,657.26,5.33,4269.400945490057,106.35318235917525,0.0007907890968732456,371.0
2023-11-01,61.3,3.7,308.024,28296.967,657.26,5.33,4460.063313802083,104.52714284261067,0.0016030904201527196,371.0
2023-12-01,69.7,3.7,308.742,28296.967,657.26,5.33,4685.051489257812,102.6830005645752,0.002330987195803047,371.0
2024-01-01,79.0,3.7,309.685,28624.069,664.67,5.33,4804.491513206845,102.97476196289062,0.0030543301526839706,365.0
